{"cameraMode":{"drawMode":0,"name":"Shaded","section":"Shading Mode"},"sceneLighting":false,"audioPlay":false,"sceneViewState":{"m_AlwaysRefresh":false,"showFog":true,"showSkybox":false,"showFlares":true,"showImageEffects":true,"showParticleSystems":true,"showVisualEffectGraphs":true,"m_FxEnabled":true},"in2DMode":false,"pivot":{"x":-2.9294538497924806,"y":0.4899388551712036,"z":1.0519111156463624},"rotation":{"x":0.18994738161563874,"y":0.4908551275730133,"z":-0.10574272274971008,"w":0.8442548513412476},"size":0.6497602462768555,"orthographic":false}