{"cameraMode":{"drawMode":0,"name":"Shaded","section":"Shading Mode"},"sceneLighting":true,"audioPlay":false,"sceneViewState":{"m_AlwaysRefresh":false,"showFog":true,"showSkybox":true,"showFlares":true,"showImageEffects":true,"showParticleSystems":true,"showVisualEffectGraphs":true,"m_FxEnabled":true},"in2DMode":false,"pivot":{"x":-22.46889877319336,"y":51.70099639892578,"z":-29.637649536132814},"rotation":{"x":-0.020382601767778398,"y":0.9588751792907715,"z":0.07117164134979248,"w":0.27431944012641909},"size":4.001507759094238,"orthographic":false}